{
  "_generated_at": 1780348605.183985,
  "_expires_at": 1780953405.1839857
}