{
  "_generated_at": 1780241348.4694805,
  "_expires_at": 1780846148.469483
}