{
  "_generated_at": 1780656692.874027,
  "_expires_at": 1781261492.874028
}